<AppSettings>
  <Environment>
    <RecentProjects>
      <ProjectPath1>E:\F\Software\HYPERTEST\Учебные программы\Методы сортировки и поиска true.htp</ProjectPath1>
    </RecentProjects>
    <InitialDirectory>E:\F\Software\HYPERTEST\Учебные программы</InitialDirectory>
    <ShowInvalidCourseDialog>True</ShowInvalidCourseDialog>
  </Environment>
  <Saving>
    <AutosavingInterval>0</AutosavingInterval>
  </Saving>
  <Appearance>
    <WindowState>Maximized</WindowState>
    <Left>-8</Left>
    <Top>-8</Top>
    <Width>1296</Width>
    <Height>1000</Height>
  </Appearance>
</AppSettings>